{"cameraMode":{"drawMode":0,"name":"Shaded","section":"Shading Mode"},"sceneLighting":true,"audioPlay":false,"sceneViewState":{"showFog":true,"showMaterialUpdate":false,"showSkybox":true,"showFlares":true,"showImageEffects":true,"showParticleSystems":true},"in2DMode":false,"pivot":{"x":-2.7477569580078127,"y":-2.373882293701172,"z":-35.106773376464847},"rotation":{"x":-0.10545630753040314,"y":0.7525667548179627,"z":-0.12439229339361191,"w":-0.6380048990249634},"size":12.427752494812012,"orthographic":false}